0;1;1,00794 ± 0,00007 u1,3;;;H;Hydrogène;2,2;Non-métaux;1,1,s;;;12385-13-6^2;;25 pm (53pm);31 ± 5 pm 4;120 pm;1s^1;1;amphotère;Hexagonal;;;;;;;;;;;;;0,08988 g.l^-1, 0,0708 g.ml^-1 (liquide, -253 °C), 0,0706 g.ml^-1 (solide, -262°C);,-1,+1
;2;4,002602 ± 0,000002 u1;0,95 K (26 atm);-268,93 °C 1;He;Hélium ;;Gaz rare;18, 1, s;;incolore;7440-59-7 3;231-168-5;128 pm (31 pm);28 pm 4;140 pm;1s2;2;inconnu;Hexagonal;Gaz;5,23 kJ·mol-1;0,08 kJ·mol-1 (1 atm, ?268,93 °C)1;-267,96 °C 1;2,26 atm 5;;22,414×10?3 m3·mol-1;+;1 300 m·s-1 5;Cp 20,79 J·mol-1·K-1 5;;152,0 mW·m-1·K-1 (26,85 °C)5;"0,1786 g·l-1 (0 °C, 1 atm); 0,125 g·ml-1 (liquide, ?268,93 °C)1";0
;3;6,941 ± 0,002 u 1;180,5°C;1342 °C;Li;Lithium;0,98;Métal alcalain;1,2,s;0.6;Blanc argenté / gris;7439-93-2;231-102-5;145 pm (167 pm);128 ± 7 pm 2;182 pm;[He] 2s1;2,1;base forte;cubique centré;solide diamagnétique;3 kJ·mol-1;145,92 kJ·mol-1;3 223 °C 3;68,9 MPa 3;66 cm3·mol-1 3;13,02×10-6 m3·mol-1;1,63×10-8 Pa à 180,54 °C;6 000 m·s-1 à 20 °C;3 582 J·kg-1·K-1;10,8×106 S·m-1;84,7 W·m-1·K-1;0,534 g.cm^-3 (20°C);1
;4;9,0121831 ± 0,0000005 u;1 287 °C 1;2 471 °C 1;Be;Béryllium;1,57;Métal alcalino-terreux;2 (IIA), 2, s;5,5;Blanc-gris métallique;7440-41-7 2;231-150-7;112 pm;96 ± 3 pm 3;;[He] 2s2;2,2;amphotère;Hexagonal;Solide;12,20 kJ·mol-1;292,40 kJ·mol-1;;;;4,85×10-6 m3·mol-1;10 mmHg 1 860 °C)4;13 000 m·s-1 à 20 °C;1 825 J·kg-1·K-1;31,3×106 S·m-1;201 W·m-1·K-1;1,848 g·cm-3 (20 °C)1;2
;5;10,811 ± 0,007 u 1;2 075 °C 1;4 000 °C 1;B;Bore;2,04;Métalloïdes;13 (IIIA), 2, p;9,3 ;noir;7440-42-8 3;231-151-2;85 pm (87 pm);84 ± 3 pm 4;208 pm;[He] 2s2 2p1;2, 3;faiblement acide;Rhomboédrique;Solide;50,2 kJ·mol-1;480 kJ·mol-1 (1 atm, 4 000 °C)1;;;;4,39×10-6 m3·mol-1;1,56×10-5 atm à 2 140 °C2;16 200 m·s-1 à 20 °C;1 026 J·kg-1·K-1;1,0×10-4 S·m-1;27,4 W·m-1·K-1;"2,34 g·cm-3 (cristaux)1; 2,37 g·cm-3 (variété amorphe)1";3
;6;12,01074 ± 0,0008 u1,3;3 825 °C (sublimation)1;;C;Carbone;2,55;Non-métaux;14, 2, p;0,5;noir (graphite);7440-44-0 2;;70 pm (67 pm);sp3 76 ± 1 pm 4, sp2 73 ± 2 pm 4, sp 69 ± 1 pm ;150 pm 5;[He] 2s2 2p2;2, 4;Acide faible;Hexagonal compact;Solide diamagnétique;;355,8 kJ·mol-1;;;;5,29×10-6 m3·mol-1;;18 350 m·s-1 à 20 °C;710 J·kg-1·K-1;61×103 S·m-1;129 W·m-1·K-1;1,8 à 2,1 g·cm-3 (amorphe), 1,9 à 2,3 g·cm-3 (graphite), 3,15 à 3,53 g·cm-3 (diamant), 3,513 g·cm-3 (diamant gemme, 25 °C)1;-4, 0, +4, +2
;7;14,0067 ± 0,0002 u1;-210,00 °C 1;-195,798 °C 1;N;Azote;3,04;Non-métaux;15 (VA), 2, p;;incolore;17778-88-0 (atome), 7727-37-9 (molécule);231-783-9;65 pm (56 pm);71 ± 1 pm 2;150 pm 3;[He] 2s2 2p3;2, 5;acide fort;Hexagonal compact;Gaz;0,3604 kJ·mol-1;2,7928 kJ·mol-1;-146,94 °C 1;;;22,414×10-3 m3·mol-1;;334,5 m·s-1 à 20 °C;1 040 J·kg-1·K-1;;0,02598 W·m-1·K-1;1,24982 g·l-1 1;-3, 0, +2, +3, +4, +5
;8;15,9994 ± 0,0003 u1;"?218,79 °C ; 54,36";"?182,95 °C ; 90,20";O;Oxygène;3,44;Non-métaux;16, 2, p;;incolore;17778-80-2;;60 pm (48 pm);66 ± 2 pm 2;140 pm 3;[He] 2s2 2p4;2, 6;neutre;cubique;gaz paramagnétique;0,22259 kJ·mol-1;3,4099 kJ·mol-1;?118,56 °C 1;;;22,414×10-3 m3·mol-1;;317 m·s-1 à 20 °C,5;920 J·kg-1·K-1;;0,02674 W·m-1·K-1;1,42763 kg·m-3;-2, -1
;9;18,998403163 ± 0,000000006 u1;?219,67 °C (1 atm)1;?188,12 °C (1 atm)1;F;Fluor;3,98;Halogène;17 (VII), 2, p;;jaune verdâtre clair;14762-94-8 2;;50 pm (42 pm);57 ± 3 pm 3;135 pm 4;[He] 2s2 2p5;2, 7;acide fort;cubique;gaz diamagnétique;0,2552 kJ·mol-1;3,2698 kJ·mol-1;-129,02 °C;;;22,404×10-3 m3·mol-1;;;824 J·kg-1·K-1;;0,0279 W·m-1·K-1;1,696 g·l-1 (0 °C, 1 atm), 1,50 g·cm-3 (liquide, ?188,12 °C)1;-1
;10;20,1797 ± 0,0006 u1;0,3317 kJ·mol-1;?246,053 °C1;Ne;Néon;;Gaz rare;18 (VIIIA), 2, p;;incolore;09.01.7440;231-110-9;(38 pm);58 pm 3;154 pm;[He] 2s2 2p6;2, 8;inconnu;Cubique à faces centrées;Gaz (non magnétique);;1,71 kJ·mol-1 (1 atm, ?246,05 °C);?228,7 °C1;;;22,414×10-3 m3·mol-1;+;936 m·s-1 à 20 °C;1 028 J·kg-1·K-1;;0,0461 W·m-1·K-1;0,90032 g·l-1 (1 atm, 0 °C)1;0
;11;22,98976928 ± 2×10-8 u1;97,80;883;Na;Sodium;0,93;Métal alcalain;1,3,s;0,5;Argenté blanc;7440-23-5 2;231-132-9;180 pm (190 pm);166 ± 9 pm 3;227 pm;[Ne] 3s1;2, 8, 1;base forte;cubique centré;Solide non magnétique;2,598 kJ·mol-1;96,96 kJ·mol-1;;;;23,78×10-6 m3·mol-1;1,43×10-5 Pa à ?39,15 °C;3 200 m·s-1 à 20 °C;1 230 J·kg-1·K-1;21×106 S·m-1;141 W·m-1·K-1 à 0°C (solide) 129,7 W/m/K à 25°C (solide) 83,7 W/m/K à 98 °C (liquide);0,971 g·cm-3 (20 °C)1;1
;12;24,3050 ± 0,0006 u 1;650 °C 1;1 090 °C 1;Mg;Magnésium;1,31;Métal alcalino-terreux;2 (IIA), 3, s;2,5;blanc-gris métallique;7439-95-4;231-104-6;150 pm;141 ± 7 pm 2;173 pm;[Ne] 3s2;2, 8, 2;base forte;Hexagonal;solide paramagnétique;8,954 kJ·mol-1;127,40 kJ·mol-1;;;;14,00×10-6 m3·mol-1;361 Pa;4 602 m·s-1 à 20 °C;1 825 J·kg-1·K-1;22,6×106 S·m-1;156 W·m-1·K-1;1,738 g·cm-3 (20 °C)1;2
;13;26,9815386 ± 8×10-7 u;660,323 °C (congélation)4;2 519 °C 1;Al;Aluminium;1,61;Métal pauvre;13 (IIIA), 3, p;1,5;blanc lustre métallique;7429-90-5 2;231-072-3;125 pm (118 pm);121 ± 4 pm 3;205 pm;[Ne] 3s2 3p1;2, 8, 3;amphotère;Cubique à faces centrées;Solide;10,79 kJ·mol-1;294 kJ·mol-1 (1 atm, 2 519 °C)1;;;;10,00×10-6 m3·mol-1;2,42×10-6 Pa;6 400 m·s-1 à 20 °C;31,75104 J·mol-1·K-1 (liquide, 660,3 à 2 517,7 °C)5;37,7×106 S·m-1;237 W·m-1·K-1;2,6989 g·cm-3 1;3
;14;28,0855 ± 0,0003 u1;1 414 °C 1;3 265 °C 1;Si;Silicium;1,90;Métalloïdes;14, 3, p;6,50;gris foncé;7440-21-3 2;231-130-8;110 pm (111 pm);111 ± 2 pm 3;210 pm;[Ne] 3s2 3p2;2, 8, 4;amphotère;diamant;solide diamagnétique;50,55 kJ·mol-1;384,22 kJ·mol-1;;;;12,06×10-6 m3·mol-1;4,77 Pa;8 433 m·s-1 à 20 °C;700 J·kg-1·K-1;2,52×10-4 S·m-1;148 W·m-1·K-1;2,33 g·cm-3 (25 °C)1;+1, +2, +3, +4
;15;30,973761998 ± 0,000000005 u1;44,15 °C (blanc)1;280,5 °C 1;P;Phosphore;2,19;Non-métaux;15 (VA), 3, p;;blanchâtre/rouge/noir;7723-14-0 (jaune), 29879-37-6 (rouge);231-768-7;100 pm (98 pm);107 ± 3 pm 2;180 pm;[Ne] 3s2 3p3;2, 8, 5;acide faible;monoclinique;Solide;0,657 kJ·mol-1;"12,4 kJ·mol-1 (1 atm, 280,5 °C); 14,2 kJ·mol-1 (1 atm, 25 °C)1";;;;17,02×10-6 m3·mol-1;20,8 Pa à 20,85 °C;;769 J·kg-1·K-1;1,0×10-9 S·m-1;0,235 W·m-1·K-1;1,82 g·cm-3 (blanc), 2,16 g·cm-3 (rouge), 2,25 à 2,69 g·cm-3 (noir)1;±3, 5, 4
;16;32,065 ± 0,005 u1;115,21 °C 1;444,61 °C 1;S;Soufre;2,58;Non-métaux;16 (VIA), 3, p;2;jaune;7704-34-9 2;231-722-6;100 pm (88 pm);105 ± 3 pm 3;180 pm;[Ne] 3s2 3p4;2, 8, 6;acide fort;orthorhombique;solide;1,7175 kJ·mol-1;45 kJ·mol-1 (1 atm, 444,61 °C)1;1 041 °C 1;;;17,02×10-6 m3·mol-1;2,65×10-20 ;;710 J·kg-1·K-1;0,5 fS·m-1;0,269 W·m-1·K-1;2,07 g·cm-3 (rhombique), 2,00 g·cm-3 (monoclinique, 20 °C)1;±2, 4, 6
;17;35,453 ± 0,002 u1;?101,5 °C 1;?34,04 °C 1;cl;Chlore ;3,16;Halogène;17 (VII), 3, p;;vert jaunâtre;7782-50-5 2;;100 pm (79 pm);102 ± 4 pm 3;180 pm 4;[Ne] 3s2 3p5;2, 8, 7;acide fort;orthorhombique;Gaz (non magnétique);3,203 kJ·mol-1;10,2 kJ·mol-1;143,8 °C;;;22,062×10-3 m3·mol-1;> Patm. à 20 °C;206 m·s-1 à 20 °C;480 J·kg-1·K-1;;8,9×10-3 W·m-1·K-1;3,214 g·l-1, 1, 56 g·cm-3 (-33,6 °C)1;0, ±1, +3, +5, +7
;18;39,948 ± 0,001 u;-189,36 °C 1;-185,85 °C 1;Ar;Argon;;Gaz rare;18 (VIIIA), 3, p;;incolore;7440-37-1 3;231-147-0;(71 pm);106 ± 10 pm 4;188 pm;[Ne] 3s2 3p6;2, 8, 8;inconnu;Cubique à faces centrées;Gaz (non magnétique);1,188 kJ·mol-1;6,43 kJ·mol-1 (1 atm, ?185,85 °C)1;-122,3 °C;;;22,414×10-3 m3·mol-1;+;319 m·s-1 à 20 °C;520 J·kg-1·K-1;;0,01772 W·m-1·K-1;1,7837 g·l-1, (0 °C, 1 atm)1;0
;19;39,0983 ± 0,0001 u1;63,5 °C1;759 °C1;K;Potassium;0,82;Métal alcalain;1 (IA), 4, s;0,4;Blanc argenté ;07.09.7440;231-119-8;220 pm (243 pm);203 ± 12 pm2;275 pm;[Ar] 4s1;2, 8, 8, 1;base forte;cubique centré;Solide;2,334 kJ·mol-1;79,87 kJ·mol-1;;;;45,94×10-6 m3·mol-1;1,06×10-4 Pa;2 000 m·s-1 à 20 °C;757 J·kg-1·K-1;13,9×106 S·m-1;102,4 W·m-1·K-1;0,89 g·cm-31;1
;20;40,078 ± 0,004 u 1;842 °C 1;1 484 °C 1;Ca;Calcium;1,00;Métal alcalino-terreux;2 (IIA), 4, s;1,75;Argenté métallique;7440-70-2 2;231-179-5;180 pm (194 pm);176 ± 10 pm 3;197,3 pm;[Ar] 4s2;2, 8, 8, 2;base;Cubique à faces centrées;Solide (paramagnétique);8,54 kJ·mol-1;153,6 kJ·mol-1;;;;26,20×10-6 m3·mol-1;254 Pa à 838,85 °C;3 810 m·s-1 à 20 °C;632 J·kg-1·K-1;29,8×106 S·m-1;201 W·m-1·K-1;1,54 g·cm-3 (20 °C)1;2
;21;44,955908 ± 0,000005 u1;1 541 °C 1;2 836 °C 1;Sc;Scandium;1,36;Métaux de transition;3, 4, d;;Blanc argenté ;7440-20-2 2;231-129-2;160 pm (184 pm);170 ± 7 pm 3;;[Ar] 3d1 4s2;2, 8, 9, 2;base faible;Hexagonal compact;solide;14,1 kJ·mol-1;314,2 kJ·mol-1;;;;15,00×10-6 m3·mol-1;22,1 Pa à 1538,85°C;;568 J·kg-1·K-1;1,77×106 S·m-1;15,8 W·m-1·K-1;2,989 g·cm-3 (25 °C)1;3
;22;47,867 ± 0,001 u 1;1 668 °C 1;3 287 °C 1;Ti;Titane;1,54;Métaux de transition;4,4,d;6;Blanc argenté ;7440-32-6 2;231-142-3;140 pm (176 pm);160 ± 8 pm 3;;[Ar] 3d2 4s2;2, 8, 10, 2;Amphotère;Hexagonal compact;Solide;15,45 kJ·mol-1;421 kJ·mol-1;;;;10,64×10-6 m3·mol-1;0,49 Pa à 1 659,85 °C;5 990 m·s-1 à 20 °C;520 J·kg-1·K-1;2,34×106 S·m-1;21,9 W·m-1·K-1;4,51 g·cm-3 1;4
;23;50,9415 ± 0,0001 u1;1 910 °C 1;3 407 °C 1;V;Vanadium;1,63;Métaux de transition;5, 4, d;7;Blanc argenté ;7440-62-2;231-171-1;135 pm (171 pm);153 ± 8 pm 2;;[Ar] 3d3 4s2;2, 8, 11, 2;amphotère;cubique centré;Solide;20,9 kJ·mol-1;452 kJ·mol-1;;;;8,32×10-6 m3·mol-1;3,06 Pa à 1 659,85 °C;4 560 m·s-1 à 20 °C;490 J·kg-1·K-1;4,89×106 S·m-1;30,7 W·m-1·K-1;6,0 g·cm-3 (18,7 °C)1;5, 3
;24;51,9961 ± 0,0006 u1;1 907 °C 1;2 671 °C 1;Cr;Chrome;1,66;Métaux de transition;6, 4, d;7,5;Blanc argenté ;7440-47-3 2;231-157-5;140 pm (166 pm);139 ± 5 pm 3;;[Ar] 3d5 4s1;2, 8, 13, 1;acide fort;cubique centré;Solide;16,9 kJ·mol-1;344,3 kJ·mol-1;;;;7,23×10-6 m3·mol-1;990 Pa à 1 856,85 °C;5 940 m·s-1 à 20 °C;450 J·kg-1·K-1;7,74×106 S·m-1;93,7 W·m-1·K-1;7,15 g·cm-3 (20 °C)1;6, 3, 2
;25;54,938044 ± 0,000003 u1;1 246 °C 1;2 061 °C 1;Mn;Managanèse;1,55;Métaux de transition;7, 4, d;6;Blanc argenté ;7439-96-5;231-105-1;140 pm (161 pm);139 ± 5 pm (low spin)2;126 pm;[Ar] 3d5 4s2;2, 8, 13, 2;acide fort;cubique A12;Solide;12,05 kJ·mol-1;226 kJ·mol-1;;;;7,35×10-6 m3·mol-1;121 Pa à 1 243,85 °C;5 150 m·s-1 à 20 °C;480 J·kg-1·K-1;0,695×106 S·m-1;7,82 W·m-1·K-1;7,21 à 7,44 g·cm-3 1;7, 6, 4, 2, 3
;26;55,845 ± 0,002 u 1;1 538 °C 1;2 861 °C 1;Fe;Fer;1,83;Métaux de transition;8, 4, d;4;Blanc argenté ;7439-89-6 2;231-096-4;140 pm (156 pm);132 ± 3 pm, (low spin)3, 152 ± 6 pm, (high spin)3;;[Ar] 3d6 4s2;2, 8, 14, 2;amphotère;cubique centré;Solide ferromagnétique;13,8 kJ·mol-1;349,6 kJ·mol-1;;;;7,09×10?6 m3·mol-1;7,05 Pa;4 910 m·s-1 à 20 °C;440 J·kg-1·K-1;9,93×106 S·m-1;80,2 W·m-1·K-1;7,874 g·cm-31 à (20 °C);+2, +3, +4, +6
;27;58,933194 ± 0,000004 u1;1 495 °C 1;2 927 °C 1;Co ;Cobalt;1,88;Métaux de transition;9, 4, d;5;Blanc argenté, reflet gris;7440-48-4 2;231-158-0;135 pm (152 pm);126 ± 3 pm (low spin)3, 150 ± 7 pm (high spin)3;;[Ar] 3d7 4s2;2, 8, 15, 2;amphotère;Hexagonal compact;Solide ferromagnétique;16,19 kJ·mol-1;376,5 kJ·mol-1;;;;6,67×10-6 m3·mol-1;175 Pa à 1 494,85 °C;4 720 m·s-1 à 20 °C;420 J·kg-1·K-1;17,2×106 S·m-1;100 W·m-1·K-1;8,9 g·cm-3 (20 °C)1;+1, +2, +3, +4
;28;58,6934 ± 0,0002 u1;1 455 °C 1;2 913 °C 1;Ni;Nickel;1,91;Métaux de transition;10, 4, d;4;Blanc argenté, reflet gris;7440-02-0;231-111-4;135 pm (149 pm);124 ± 4 pm 2;163 pm;[Ar] 3d8 4s2;2, 8, 16, 2;faiblement basique;Cubique à faces centrées;Solide ferromagnétique;17,47 kJ·mol-1;370,4 kJ·mol-1;;;;6,59×10-6 m3·mol-1;237 Pa à 1 452,85 °C;4 970 m·s-1 à 20 °C;440 J·kg-1·K-1 à 20 °C3;14,3×106 S·m-1;90,7 W·m-1·K-1;8,902 g·cm-3 (25 °C)1;2, 3
;29;63,546 ± 0,003 u 1;1 084,62 °C (congélation)3;2 562 °C 1;Cu;Cuivre;1,9;Métaux de transition;11, 4, d;3;Orange cuivré, métallique;7440-50-8;231-159-6;135 pm (145 pm);132 ± 4 pm 2;140 pm;[Ar] 3d10 4s1;2, 8, 18, 1;Faiblement basique;Cubique à faces centrées;Solide;13,05 kJ·mol-1;300,3 kJ·mol-1;;;;7,11×10-6 m3·mol-1;0,0505 Pa à 1 084,45 °C;3 570 m·s-1 à 20 °C;380 J·kg-1·K-1;59,6×106 S·m-1;401 W·m-1·K-1;8,96 g·cm-3 (20 °C)1;2, 1
;30;65,409 ± 0,004 u 1;419,527 °C (congélation)4;907 °C 1;Zn;Zinc;1,65;Métaux de transition;12, 4, d;2,5;Gris-bleuté;7440-66-6 2;231-175-3;135 pm (142 pm);122 ± 4 pm 3;139 pm;[Ar] 3d10 4s2;2, 8, 18, 2;amphotère;Hexagonal compact;Solide;7,322 kJ·mol-1;115,3 kJ·mol-1;;;;9,16×10-6 m3·mol-1;192,2 Pa à 419,53 °C;3 700 m·s-1 à 20 °C;390 J·kg-1·K-1;16,6×106 S·m-1;116 W·m-1·K-1;7,134 g·cm-3 (25 °C)1;2
;31;69,723 ± 0,001 u 1;29,7646 °C 4;2 204 °C 1;Ga;Gallium;1,81;Métaux pauvres;13 (IIIA), 4, p;1,5;Blanc argenté ;7440-55-3 2;231-163-8;130 pm (136 pm);122 ± 3 pm 3;187 pm;[Ar] 4s2 3d10 4p1;2, 8, 18, 3;amphotère;orthorhombique;Solide;5,59 kJ·mol-1;254 kJ·mol-1 (1 atm, 2 204 °C)1;;;;11,80×10-6 m3·mol-1;9,31×10-6 Pa à 29,76 °C;2 740 m·s-1 à 20 °C;370 J·kg-1·K-1;6,78×106 S·m-1;40,6 W·m-1·K-1;5,904 g·cm-3 (solide, 29,6 °C), 6,095 g·cm-3 (LIQUIDE, 29,6 °C)1;3
;32;72,64 ± 0,02 u 1;938,25 °C 1;2 833 °C 1;Ge;Germanium;2,01;Métalloïdes;14, 4, p;6;gris blanc;7440-56-4 2;231-164-3;125 pm (125 pm);120 ± 4 pm 3;;[Ar] 3d10 4s2 4p2;2, 8, 18, 4;amphotère;diamant;solide diamagnétique;36,94 kJ·mol-1;334 kJ·mol-1 (1 atm, 2 833 °C)1;;;;13,63×10-6 m3·mol-1;74,6×10-6 Pa, à 936,85 °C;5 400 m·s-1 à 20 °C;320 J·kg-1·K-1;1,45 S·m-1;59,9 W·m-1·K-1;5,323 g·cm-3 (25 °C)1;4, 2
;33;74,921595 ± 0,000006 u;817 °C (28 bar),;613,85 °C (sublimation)1;As;Arsenic;2,18;Métalloïdes;15, 4, p;3,5;gris métallique;7440-38-2 2;231-148-6;115 pm (114 pm);119 ± 4 pm 3;185 pm;[Ar] 3d10 4s2 4p3;2, 8, 18, 5;Acide faible;Rhomboédrique;Solide;369,9 kJ·mol-1;34,76 kJ·mol-1;;;;12,95×10-6 m3·mol-1;"7,5×10-3 mmHg (280 °C); 7,5×10-2 mmHg (323 °C); 0,75 mmHg (373 °C); 7,5 mmHg (433 °C);75 mmHg (508 °C); 750 mmHg (601 °C)4";;330 J·kg-1·K-1;3,45×106 S·m-1;50 W·m-1·K-1;"5,72 g·cm-3 (gris); 1,97 g·cm-3 (jaune); 4,7–5,1 g·cm-3 (noir)1";±3, 5
;34;78,971 ± 0,008 u1;221 °C (gris)1;685 °C (gris)1;Se;Sélénium;2,48;Non-métaux;16 (VIA), 4, p;2;gris métallique;7782-49-2 2;231-957-4;115 pm (103 pm);120 ± 4 pm 3;190 pm;[Ar] 3d10 4p4 4s2;2, 8, 18, 6;acide fort;Hexagonal;Solide;6,694 kJ·mol-1;95,48 kJ·mol-1 (1 atm, 685 °C)1;;;;16,42×10-6 m3·mol-1;0,00013 mbar (170 °C)4;3 350 m·s-1 à 20 °C;320 J·kg-1·K-1;1,0×10-4 S·m-1;2,04 W·m-1·K-1;4,79 g·cm-3 (gris), 4,28 g·cm-3 (vitreux)1;±2, 4, 6
;35;79,904 ± 0,001 u1;?7,2 °C 1;58,8 °C 1;Br;Brome;2,96;Halogène;17 (VII), 4, p;;brun rougeâtre;10097-32-2 2;;115 pm (94 pm);120 ± 3 pm 3;195 pm 4;[Ar] 3d10 4s2 4p5;2, 8, 18, 7;acide fort;orthorhombique;Liquide (non-magnétique );5,286 kJ·mol-1;"29,96 kJ·mol-1 (1 atm, 58,8 °C); 30,91 kJ·mol-1 (1 atm, 25 °C)1";;;;21,055×10-3 m3·mol-1;5 800 Pa à 6,95 °C;206 m·s-1 à 20 °C;480 J·kg-1·K-1;;0,122 W·m-1·K-1;7,59 g·l-1 (gaz)1, 3,12 g·cm-3 (LIQUIDE, 20 °C)1;-1, 0, 1, 3, 5, 7
;36;83,798 ± 0,002 u1;-157,36 °C 1;-153,34 ± 0,10 °C 1;Kr;Krypton;3,00;Gaz rare;18 (VIIIA), 4, p;;incolore;7439-90-9 2;231-098-5;(88 pm);116 ± 4 pm 3;202 pm;[Ar] 3d10 4s2 4p6;2, 8, 18, 8;inconnu;Cubique à faces centrées;Gaz (non magnétique);1,638 kJ·mol-1;9,08 kJ·mol-1 (1 atm, ?153,34 °C)1;?63,67 °C 1;;;22,414×10-3 m3·mol-1;;1 120 m·s-1 à 20 °C;248 J·kg-1·K-1;;9,49×10-3 W·m-1·K-1;3,733 g·l-1 (0 °C)1;0
;37;85,4678 ± 0,0003 u1;39,30 °C 1;688 °C 1;Rb;Rubidium;0,82;Métal alcalain;1 (IA), 5, s;0,3;Blanc argenté ;7440-17-7 2;231-126-6;235 pm (265 pm);220 ± 9 pm 3;244 pm;[Kr] 5s1;2, 8, 18, 8, 1;base forte;cubique centré;Solide;2,192 kJ·mol-1;72,216 kJ·mol-1;;;;55,76×10-6 m3·mol-1;1 Pa à 160,85 °C;1 300 m·s-1 à 20 °C;363 J·kg-1·K-1;7,79×106 S·m-1;58,2 W·m-1·K-1;1,532 g·cm-3 (solide, 20 °C), 1,475 g·cm-3 (liquide, 39 °C) 1;1
;38;87,62 ± 0,01 u1;777 °C 1;1 382 °C 1;Sr;Strontium;0,95;Métal alcalino-terreux;2 (IIA), 5, s;1,5;Blanc argenté, métallique;7440-24-6 2;231-133-4;219 pm;195 ± 10 pm 3;249 pm 4;[Kr] 5s2;2, 8, 18, 8, 2;base forte;Cubique à faces centrées;Solide (paramagnétique);8,3 kJ·mol-1;144 kJ·mol-1;;;;33,94×10-6 m3·mol-1;246 Pa à 768,85 °C;;300 J·kg-1·K-1;7,62×106 S·m-1;35,3 W·m-1·K-1;2,64 g·cm-3 1;2
;39;88,90584 ± 0,00002 u;1 522 °C 1;3 345 °C 1;Y;Yttrium;1,22;Métaux de transition;3, 5, d;;Blanc argenté ;7440-65-5 2;231-174-8;180 pm (212 pm);190 ± 7 pm 3;;[Kr] 4d1 5s2;2, 8, 18, 9, 2;base faible;Hexagonal compact;Solide;11,4 kJ·mol-1;363 kJ·mol-1;;;;19,88×10-6 m3·mol-1;5,31 Pa, à 1 525,85 °C;3 300 m·s-1 à 20 °C;300 J·kg-1·K-1;1,66×106 S·m-1;17,2 W·m-1·K-1;4,469 g·cm-3 (25 °C)1;3
;40;91,224 ± 0,002 u1;1 855 °C 1;4 409 °C 1;Zr;Zirconium;1,33;Métaux de transition;4, 5, d;5;Blanc argenté ;7440-67-7 2;231-176-9;155 pm (206 pm);175 ± 7 pm 3;160 pm (?);[Kr] 4d2 5s2;2, 8, 18, 10, 2;amphotère;Hexagonal compact;Solide;16,9 kJ·mol-1;573,2 kJ·mol-14;;;;14,02×10-6 m3·mol-1;1,68 mPa à 1 851,85 °C;3 800 m·s-1 à 20 °C;25,36 J·mol-1·K-1 (25 °C);2,36×106 S·m-1;22,7 W·m-1·K-1;6,52 g·cm-3 (20 °C)1;4
;41;92,90637 ± 0,00002 u1;2 477 °C 1;4 744 °C 1;Nb;Niobium;1,6;Métaux de transition;5, 5, d;6;gris métallique; 7440-03-1;231-113-5;145 pm (198 pm);164 ± 6 pm 2;;[Kr] 4d4 5s1;2, 8, 18, 12, 1;Acide faible;cubique centré;Solide;26,4 kJ·mol-1;696,6 kJ·mol-1;;;;14,02×10-6 m3·mol-1;0,0755 Pa à 2 467,85 °C;3 480 m·s-1 à 20 °C;265 J·kg-1·K-1;6,93×106 S·m-1;53,7 W·m-1·K-1;8,57 g·cm-3 (20 °C)1;5, 3
;42;95,95 ± 0,02 u;2 623 °C 1;4 639 °C 1;Mo;Molybdène;2,16;Métaux de transition;6, 5, d;5,5;gris métallique;7439-98-7;231-107-2;145 pm;154 ± 5 pm 2;;[Kr] 4d5 5s1;2, 8, 18, 13, 1;acide fort;cubique centré;Solide;26,4 kJ·mol-1;598 kJ·mol-1;;;;9,38×10-6 m3·mol-1;0,0755 Pa;;250 J·kg-1·K-1;18,7×106 S·m-1;138 W·m-1·K-1;10,22 g·cm-3 (20 °C)1;2, 3, 4, 5, 6
;43;98 u;2 157 °C 1;4 265 °C 1;Tc;Tchnétium;1,9;Métaux de transition;7, 5, d;;gris métallique;7440-26-8 2;231-136-0;135 pm (183 pm);147 ± 7 pm 3;;[Kr] 4d5 5s2;2, 8, 18, 13, 2;acide fort;Hexagonal compact;Solide;24 kJ·mol-1;660 kJ·mol-1;;;;8,63×10-6 m3·mol-1;0,0229 Pa (2 467,85 °C);;210 J·kg-1·K-1;6,7×106 S·m-1;50,6 W·m-1·K-1;11,50 g·cm-3 (calculée)1;7
;44;101,07 ± 0,02 u1;2 334 °C 1;4 150 °C 1;Ru;Ruthénium;2,2;Métaux de transition;8, 5, d;6,5;Blanc argenté, métallique;7440-18-8 2;231-127-1;130 pm (178 pm);146 ± 7 pm 3;;[Kr] 4d7 5s1;2, 8, 18, 15, 1;Acide faible;Hexagonal compact;Solide;24 kJ·mol-1;595 kJ·mol-1;;;;8,17×10-3 m3·mol-1;1,4 Pa à 2 249,85 °C;5 970 m·s-1 à 20 °C;238 J·kg-1·K-1;13,7×106 S·m-1;117 W·m-1·K-1;12,1 g·cm-3 (20 °C)1;2, 3, 4, 6, 8
;45;102,90550 ± 0,00002 u1;1 964 °C 1;3 695 °C 1;Rh;Rhodium;2,28;Métaux de transition;9, 5, d;6;Blanc argenté, métallique;7440-16-6 2;231-125-0;135 pm (173 pm);142 ± 7 pm 3;;[Kr] 4d8 5s1;2, 8, 18, 16 et 1;Amphotère;Cubique à faces centrées;Solide;21,5 kJ·mol-1;493 kJ·mol-1;;;;8,28×10-3 m3·mol-1;0,633 Pa à 1 965,85 °C;4 700 m·s-1 à 20 °C;0,242 J·kg-1·K-1;21,1×106 S·m-1;150 W·m-1·K-1;12,41 g·cm-3 (20 °C)1;2, 3 et 4
;46;106,42 ± 0,01 u 1;1 554,8 °C 1;2 963 °C 1;Pd;Palladium;2,20;Métaux de transition;10, 5, d;4,75;Blanc argenté métallique;03.05.7440;231-115-6;140 pm (169 pm);139 ± 6 pm 2;163 pm;[Kr] 4d10;2, 8, 18, 18, 0;base faible;Cubique à faces centrées;Solide;16,74 kJ·mol-1 (1 554,9 °C)3;357 kJ·mol-1;;;;8,56×10-3 m3·mol-1;1,33 Pa à 1 551,85 °C;3 070 m·s-1 à 20 °C;"26,0 J·K-1·mol-1 (cristaux, 25 °C); 20,8 J·K-1·mol-1 (gaz, 25 °C)3";9,5×106 S·m-1;71,8 W·m-1·K-1;12,02 g·cm-3 (20 °C)1;0, 1, 2, 4, 6
;47;107,8682 ± 0,0002 u1;961,78 °C (congélation)5;"2 162 °C 1; 2 212 °C 6";Ag;Argent ;1,93;Métaux de transition;11, 5, d;2,5;Blanc argenté métallique;7440-22-4 3;231-131-3;160 pm (165 pm);145 ± 5 pm 4;172 pm;[Kr] 4d10 5s1;2, 8, 18, 18, 1;amphotère;Cubique à faces centrées;Solide;104,2 J·g-1 7;2,636 kJ·g-1 7;;;;10,27×10-6 m3·mol-1;"1×10-6 Pa (684 °C); 1×10-4 Pa (828 °C); 1×10-2 Pa (1 028 °C); 1 Pa (1 330 °C); 1×101 Pa (1 543 °C); 1×102 Pa (1 825 °C)7";2 600 m·s-1 à 20 °C;"solide :234 J·kg-1·K-1 (0 °C); 238 J·kg-1·K-1 (100 °C); 282 J·kg-1·K-1 (527 °C);297 J·kg-1·K-1 (961 °C);liquide : 310 J·kg-1·K-1 (961–2227°C)7";63×106 S·m-1;429 W·m-1·K-1;"10,50 g·cm-3 (20 °C)1; 9,35 g·cm-3 (liquide, 961,9 °C), 9,05 g·cm-3 (liquide, 1 250 °C)2";±1
;48;112,414 ± 0,004 u 1;321,07 °C 1;767 °C 1;Cd;Cadmium;1,69;Métaux de transition;12, 5, d;2;gris métallique;7440-43-9 2;231-152-8;155 pm (161 pm);144 ± 9 pm 3;158 pm;[Kr] 4d10 5s2;2, 8, 18, 18, 2;base faible;Hexagonal;Solide;6,192 kJ·mol-1;99,87 kJ·mol-1 (1 atm, 767 °C)1;;;;13,00×10-3 m3·mol-1;14,8 Pa;2 310 m·s-1 à 20 °C;233 J·kg-1·K-1;13,8×106 S·m-1;96,8 W·m-1·K-1;8,69 g·cm-3 (20 °C)1;2
;49;114,818 ± 0,003 u 1;156,5985 °C (congélation)4;2 072 °C 1;In;Indium;1,78;Métaux pauvres;13 (IIIA), 5, p;1,2;gris blanc;7440-74-6 2;231-180-0;155 pm (156 pm);142 ± 5 pm 3;193 pm;[Kr] 4d10 5s2 5p1;2, 8, 18, 18, 3;amphotère;Tétragonal;Solide;3,263 kJ·mol-1;231,5 kJ·mol-1;;;;15,76×10-3 m3·mol-1;1,42×10-17 Pa à 156,6 °C [réf. souhaitée];1 215 m·s-1 à 20 °C;233 J·kg-1·K-1;11,6×106 S·m-1;81,6 W·m-1·K-1;7,31 g·cm-3 (20 °C)1;3
;50;118,710 ± 0,007 u 1;231,928 °C (congélation)4;2 602 °C 1;Sn;Etain;1,96;Métaux pauvres;14, 5, p;1,5;gris-argenté;7440-31-5 2;231-141-8;145 pm (145 pm);139 ± 4 pm 3;217;[Kr] 4d10 5s2 5p2;2, 8, 18, 18, 4;amphotère;Tétragonal;Solide;7,029 kJ·mol-1;295,8 kJ·mol-1;;;;16,3 cm3·mol-1 5;5,78×10-21 Pa à 231,85 °C 5;2 500 m·s-1 à 20 °C;228 J·kg-1·K-1;9,17×106 S·m-1;66,6 W·m-1·K-1;5,77 g·cm-3 (gris), 7,29 g·cm-3 (blanc);0, +2, +4
;51;121,760 ± 0,001 u;630,63 °C 1;1 587 °C 1;Sb;Antimoine;2,05;Métalloïdes;15, 5, p;3;gris métallique;7440-36-0 2;231-146-5;145 pm (133 pm);139 ± 5 pm 3;;[Kr] 4d10 5s2 5p3;2, 8, 18, 18, 5;Acide faible;Rhomboédrique;Solide;19,87 kJ·mol-1;77,14 kJ·mol-1;;;;18,19×10-3 m3·mol-1;;;210 J·kg-1·K-1;2,88×106 S·m-1;24,3 W·m-1·K-1;6,68 g·cm-3 (20 °C)1;±1
;52;127,60 ± 0,03 u 1;449,51 °C 1;988 °C 1;Te;Tellure;2,1;Métalloïdes;16, 5, p;2,25;gris argenté;13494-80-9 2;236-813-4;140 pm (123 pm);138 ± 4 pm 3;206;[Kr] 4d10 5s2 5p4;2, 8, 18, 18, 6;acide faible;Hexagonal;solide diamagnétique;17,49 kJ·mol-1;114,1 kJ·mol-1 (1 atm, 988 °C)1;;;;20,46×10-3 m3·mol-1;1,3 mbar (520 °C)4;2 610 m·s-1 à 20 °C;202 J·kg-1·K-1;200 S·m-1;2,35 W·m-1·K-1;6,23 g·cm-3 (20 °C)1;±2, 4, 6
;53;126,90447 ± 0,00003 u1;113,7 °C 1;184,4 °C 1;I;Iode;2,66;Halogène;17 (VII), 5, p;;gris foncé violacé;"14362-44-8 2(élément); 7553-56-2 (diiode)";231-442-4 (diiode);140 pm (115 pm);139 ± 3 pm 3;215 pm4;[Kr] 4d10 5s2 5p5;2, 8, 18, 18, 7;Acide fort;orthorhombique;Solide;7,824 kJ·mol-1;20,752 kJ·mol-1;546 °C 1;;;25,72×10-3 m3·mol-1;;;145 J·kg-1·K-1;8,0×10-8 S·m-1;0,449 W·m-1·K-1;11,27 g·l-1 (gaz), 4,93 g·cm-3 (solide, 20 °C);±1, 5, 7
;54;131,293 ± 0,006 u 1;?111,74 °C 1;?108,09 °C 1;Xe;Xénon;2,6;Gaz rare;18 (VIIIA), 5, p;;incolore;7440-63-3;231-172-7;(108 pm);140 ± 9 pm 2;216 pm;[Kr] 4d10 5s2 5p6;2, 8, 18, 18, 8;acide (XeO3 et XeO4);Cubique à faces centrées;Gaz;2,297 kJ·mol-1;12,57 kJ·mol-1 (1 atm, ?108,09 °C)1;16,58 °C 1;;;22,414×10-3 m3·mol-1 à 0°C et 1 atmosphère;;1 090 m·s-1 à 20 °C;158 J·kg-1·K-1;;5,69×10-3 W·m-1·K-1;5,887 ± 0,009 g·l-1 (gaz), 2,95 g·cm-3 (liquide, -109 °C)1;0, 1, 2, 4, 6, 8
;55;132,90545196 ± 0,00000006 u1;28,44 °C 1;671 °C 1;Cs;Césium;0,79;Métal alcalain;1 (IA), 6, s;5,5;argenté-doré;7440-46-2 2;231-155-4;260 pm (298 pm);244 ± 11 pm 3;;[Xe] 6s1;2, 8, 18, 18, 8, 1;base forte;cubique centré;Solide;2,092 kJ·mol-1;67,74 kJ·mol-1;;;;70,94×10-6 m3·mol-1;2,5 Pa;;240 J·kg-1·K-1;4,89×106 S·m-1;35,9 W·m-1·K-1;1,873 g·cm-3 (20 °C)1;1
;56;137,327 ± 0,007 u;727 °C 1;1 897 °C 1 , 1 637 °C ;Ba;Baryum;0,89;Métal alcalino-terreux;2 (IIA), 6, s;1,25;Blanc argenté ;7440-39-3 2;231-149-1;215 pm (253 pm);215 ± 11 pm 3;;[Xe] 6s2;2, 8, 18, 18, 8, 2;base forte;cubique centré;Solide (paramagnétique);7,75 kJ·mol-1;140 kJ·mol-1 (1 atm, 1 897 °C)1;;;;38,16×10-6 m3·mol-1;0,0013 mbar (547 °C) 4;1 620 m·s-1 à 20 °C;204 J·kg-1·K-1;10×106 S·m-1;18,4 W·m-1·K-1;3,62 g·cm-3 (20 °C)1;2
;57;138,90547 ± 0,00007 u1;920 °C 1;3 464 °C 1;La;Lanthane;1,1;Lanthanides;3, 6, f;2,5;Blanc argenté;7439-91-0 2;231-099-03;195 pm;207 ± 8 pm 4;;[Xe] 5d1 6s2;2, 8, 18, 18, 9, 2;base forte;Hexagonal compact;Solide;6,2 kJ·mol-1;414 kJ·mol-1;;;;22,39×10-6 m3·mol-1;1,33×10-7 Pa à 1 193 K;2 475 m·s-1 à 20 °C;190 J·kg-1·K-1;1,26×106 S·m-1;13,5 W·m-1·K-1;6,145 g·cm-3 (25 °C)1;3
;58;140,116 ± 0,001 u 1;799 °C 1;3 443 °C 1;Ce;Cérium;1,12;Lanthanides;L/A, 6, f;2,5;Blanc argenté;7440-45-1 2;;185 pm;204 ± 9 pm 3;;[Xe] 4f1 5d1 6s2;2, 8, 18, 19, 9, 2;basique;Cubique à faces centrées;Solide;5,46 kJ·mol-1;414 kJ·mol-1;;;;20,69×10-3 m3·mol-1;;2 100 m·s-1 à 20 °C;190 J·kg-1·K-1;1,15×106 S·m-1;11,4 W·m-1·K-1;6,770 g·cm-3 (25 °C)1;3,4
;59;140,90766 ± 0,00002 u1;931 °C 1;3 520 °C 1;Pr;Praséodyme;1,13;Lanthanides;L/A, 6, f;;Blanc argenté;7440-10-0;;185 pm (247 pm);203 ± 7 pm 2;;[Xe] 4f3 6s2;2, 8, 18, 21, 8, 2;basique;Hexagonal compact;Solide;6,89 kJ·mol-1;296,8 kJ·mol-1;;;;20,8×10-6 m3·mol-1;1,333224×10-6 Pa (1 193 K);2 280 m·s-1 à 20 °C;193 J·kg-1·K-1;1,48×106 S·m-1;12,5 W·m-1·K-1;6,773 g·cm-3 1;3
;60;144,242 ± 0,003 u1;1 016 °C 1;3 074 °C 1;Nd;Néodyme;1,14;Lanthanides;L/A, 6, f;;Blanc argenté;7440-00-8;;185 pm (206 pm);201 ± 6 pm 2;;[Xe] 4f4 6s2;2, 8, 18, 22, 8, 2;basique;Hexagonal compact;Solide;7,14 kJ·mol-1;273 kJ·mol-1;;;;20,59×10-6 m3·mol-1;535 mbar (2 870 °C)3;2 330 m·s-1 à 20 °C;190 J·kg-1·K-1;1,57×106 S·m-1;16,5 W·m-1·K-1;7,008 g·cm-3 (25 °C)1;3
;61;145 u;1 042 °C 1;3 000 °C (estimation)1;Pm;Prométhium;1,13;Lanthanides;L/A, 6, f;;Blanc argenté;7440-12-2 2;231-121-9;185 pm (205 pm);199 pm 3;;[Xe] 4f5 6s2;2, 8, 18, 23, 8, 2;basique;Hexagonal compact;Solide;86,7 kJ·mol-1;;;;;20,23×10-6 m3·mol-1;;;180 J·kg-1·K-1;;17,9 W·m-1·K-1;7,264 g·cm-3 (25 °C)1;3
;62;150,36 ± 0,03 u1;1 072 °C 1;1 794 °C 1;Sm;Samarium;1,17;Lanthanides;L/A, 6, f;;Blanc argenté;7440-19-9 2;231-128-7;185 pm (238 pm);198 ± 8 pm 3;;[Xe] 4f6 6s2;2, 8, 18, 24, 8, 2;basique;Rhomboédrique;Solide;8,63 kJ·mol-1;166,4 kJ·mol-1;;;;19,98×10-6 m3·mol-1;563 Pa à 1 345 K;2 130 m·s-1 à 20 °C;200 J·kg-1·K-1;0,956×106 S·m-1;13,3 W·m-1·K-1;7,520 g·cm-3 (25 °C, ?)1;3
;63;151,964 ± 0,001 u 1;822 °C 1;1 596 °C 1;Eu;Europium;1,2;Lanthanides;L/A, 6, f;;Blanc argenté;7440-53-1 2;231-161-73;185 pm (247 pm);198 ± 6 pm 4;;[Xe] 4f7 6s2;2, 8, 18, 25, 8, 2;base;cubique centré;Solide;9,21 kJ·mol-1;143,5 kJ·mol-1;;;;28,97×10-6 m3·mol-1;144 Pa à 1 095 K;;180 J·kg-1·K-1;1,12×106 S·m-1;13,9 W·m-1·K-1;5,244 g·cm-3 (25 °C)1;3
;64;157,25 ± 0,03 u 1;1 313 °C 1;3 273 °C 1;Gd;Gadolinium;1,20;Lanthanides;L/A, 6, f;;blanc argenté;7440-54-2 2;;188 pm (233 pm);196 ± 6 pm 3;;[Xe] 4f7 5d1 6s2;2, 8, 18, 25, 9, 2;basique;Hexagonal compact;Solide;10,05 kJ·mol-1;359,4 kJ·mol-1;;;;19,9×10-6 m3·mol-1;24 400 Pa à 1 585 K;2 680 m·s-1 à 20 °C;230 J·kg-1·K-1;0,736×106 S·m-1;10,6 W·m-1·K-1;7,901 g·cm-3 (25 °C)1;3
;65;158,92534 ± 0,00002 u1;1 356 °C 1;3 230 °C 1;Tb;Terbium;1,20;Lanthanides;L/A, 6, f;;Blanc argenté;7440-27-9 2;;175 pm (225 pm);194 ± 5 pm 3;;[Xe] 4f9 6s2;2, 8, 18, 27, 8, 2;basique;Hexagonal compact;Solide;10,8 kJ·mol-1;330,9 kJ·mol-1;;;;19,3×10-6 m3·mol-1;;;180 J·kg-1·K-1;0,889×106 S·m-1;11,1 W·m-1·K-1;8,230 g·cm-3 1;3
;66;160,500 ± 0,001 u 1;1 412 °C 1;2 567 °C 1;Dy;Dysprosium;1,22;Lanthanides;L/A, 6, f;;Blanc argenté;7429-91-6 2;231-073-93;175 pm (228 pm);192 ± 7 pm 4;;[Xe] 4f10 6s2;2, 8, 18, 28, 8, 2;basique;Hexagonal compact;Solide;11,06 kJ·mol-1;230 kJ·mol-1;;;;19,01×10-6 m3·mol-1;;2 170 m·s-1 à 20 °C;170 J·kg-1·K-1;0,889×106 S·m-1;11,1 W·m-1·K-1;8,551 g·cm-3 (25 °C)1;3
;67;164,93033 ± 0,00002 u1;1 472 °C 1;2 700 °C 1;Ho;Holmium;1,23;Lanthanides;L/A, 6, f;;Blanc argenté métallique;7440-60-0 2;;247 pm;192 ± 7 pm 3;;[Xe] 4f11 6s2;2, 8, 18, 29, 8, 2;basique;Hexagonal compact;Solide;11,76 kJ·mol-1;241 kJ·mol-1;;;;19,01×10-3 m3·mol-1;;2 170 m·s-1 à 20 °C;160 J·kg-1·K-1;1,24×106 S·m-1;16,2 W·m-1·K-1;8,795 g·cm-3 (25 °C)1;3
;68;167,259 ± 0,003 u 1;1 529 °C 1;2 868 °C 1;Er;Erbium;1,24;Lanthanides;L/A, 6, f;;blanc métallique;7440-52-0 2;231-160-1;175 pm (226 pm);189 ± 6 pm 3;;[Xe] 4f12 6s2;2, 8, 18, 30, 8, 2;basique;Hexagonal compact;Solide;17,2 kJ·mol-1;261 kJ·mol-1;;;;;;2 830 m·s-1 à 20 °C;170 J·kg-1·K-1;1,17×106 S·m-1;14,3 W·m-1·K-1;9,066 g·cm-3 (25 °C)1;3
;69;168,93422 ± 0,00002 u;1 545 °C 1;1 950 °C 1;Tm;Thulium;1,25;Lanthanides;L/A, 6, f;;Blanc argenté;7440-30-4 2;;175 pm (222 pm);190 ± 10 pm 3;;[Xe] 4f13 6s2;2, 8, 18, 31, 8, 2;basique;Hexagonal compact;Solide;16,84 kJ·mol-1;191 kJ·mol-1;;;;19,1×10-3 m3·mol-1;;;160 J·kg-1·K-1;1,5×106 S·m-1;16,8 W·m-1·K-1;9,321 g·cm-3 (25 °C)1;3
;70;173,04 ± 0,03 u1;824 °C 1;1 196 °C 1;Yb;Ytterbium;1,1;Lanthanides;L/A, 6, f;;Blanc argenté;7440-64-4 2;;175 pm (222 pm);187 ± 8 pm 3;;[Xe] 4f14 6s2;2,8,18,32,8,2;basique;Cubique à faces centrées;Solide;7,66 kJ·mol-1;128,9 kJ·mol-1;;;;24,84×10-3 m3·mol-1;;1 590 m·s-1 à 20 °C;150 J·kg-1·K-1;3,51×106 S·m-1;34,9 W·m-1·K-1;6,903 g·cm-3 (?);3
;71;174,967 ± 0,001 u 1;1 663 °C 1;3 402 °C 1;Lu;Lutécium;1,27;Lanthanides;L/A, 6, d;;Blanc argenté;7439-94-3;;175 pm (217 pm);187 ± 8 pm 2;;[Xe]4f14 5d1 6s2;2, 8, 18, 32, 9, 2;base faible;Hexagonal compact;Solide;18,6 kJ·mol-1;355,9 kJ·mol-1;;;;17,78×10-6 m3·mol-1;2 460 Pa à 1 936 K;;150 J·kg-1·K-1;1,85×106 S·m-1;16,4 W·m-1·K-1;9,841 g·cm-3 (25 °C)1;3
;72;178,49 ± 0,02 u 1;2 233 °C 1;4 603 °C 1;Hf;Hafnium;1,3;Métaux de transition;4 (IVB), 6, d;5,5;Gris acier;7440-58-6 2;231-166-4;155 pm (208 pm);175 ± 10 pm 3;161 pm;[Xe]4f14 5d2 6s2;2, 8, 18, 32, 10, 2;amphotère;Hexagonal compact;Solide;24,06 kJ·mol-1;575 kJ·mol-1;;;;13,44×10-6 m3·mol-1;1,12 mPa à 2 500 K;3 010 m·s-1 à 20 °C;140 J·kg-1·K-1;3,12×106 S·m-1;18,4 W·m-1·K-1;13,281 g·cm-3 (20 °C)1;4
;73;180,94788 ± 0,00002 u1;3 017 °C 1;5 458 °C 1;Ta;Tantale;1,5;Métaux de transition;5 (VB), 6, d;6,5 ou ~1700 HV;Bleu gris;7440-25-7 2;231-135-5;145 pm (200 pm);170 ± 8 pm 3;;[Xe]4f14 5d3 6s2;2, 8, 18, 32, 11, 2;acide;cubique centré;Solide;743 kJ·mol-1;753 kJ·mol-14;;;;10,85×10-6 m3·mol-1;"1 Pa à 3 024 °C; 10 Pa à 3 324 °C;100 Pa à 3 684 °C; 1 kPa à 4 122 °C; 10 kPa à 4 666 °C; 100 kPa à 5 361 °C4";3 400 m·s-1 à 20 °C;"25,4 J·K-1·mol-1 (cristal);";7,61×106 S·m-1;57,5 W·m-1·K-1;16,4 g·cm-3 1;5
;74;183,84 ± 0,01 u 1;3 422 °C 1;5 555 °C 1;W;Tungstène;2,36;Métaux de transition;6, 6, d;7,5;Gris blanc;7440-33-7 2;231-143-9;135 pm (193 pm);162 ± 7 pm 3;137 pm;[Xe]4f14 5d4 6s2;2, 8, 18, 32, 12, 2;acide;cubique centré;Solide;35,4 kJ·mol-1;824 kJ·mol-1;;;;9,47×10-6 m3·mol-1;4,27 Pa à 3 680 K;4,27 Pa à 3 680 K;130 J·kg-1·K-1;8,9×106 S·m-1;174 W·m-1·K-1;19,3 g·cm-3 (20 °C)1;6, 5, 4, 3, 2
;75;186,207 ± 0,001 u1;3 185 °C 1;5 596 °C 1;Re;Rhénium;1,9;Métaux de transition;7 (VIIB), 6, d;7;Blanc argenté ;7440-15-5 2;231-124-5;135 pm (188 pm);151 ± 7 pm 3;;[Xe]4f145d56s2;2, 8, 18, 32, 13, 2;acide;Hexagonal compact;Solide;33,2 kJ·mol-1;715 kJ·mol-1;;;;8,86×10-6 m3·mol-1;3,24 Pa à 3 453 K;4 700 m·s-1 à 20 °C;137 J·kg-1·K-1;5,42×106 S·m-1;47,9 W·m-1·K-1;20,8 g·cm-3 (20 °C)1;6, 4, 2, -2
;76;190,23 ± 0,03 u 1;3 033 °C 1;5 012 °C 1;Os;Osmium;2,2;Métaux de transition;8 (VIIIB), 6, d;7;Bleu gris;2023537;231-114-0;130 pm (185 pm);144 ± 4 pm 2;;[Xe]4f14 5d6 6s2;2, 8, 18, 32, 14, 2;acide;Hexagonal compact;Solide;31,8 kJ·mol-1;627,6 kJ·mol-1;;;;8,42×10-6 m3·mol-1;2,52 Pa (3 300 K);4 940 m·s-1 (20 °C);130 J·kg-1·K-1;10,9×106 S·m-1;87,6 W·m-1·K-1;22,587 g·cm-3 1;± 0,7
;77;192,217 ± 0,003 u 1;2 446 °C 1;4 428 °C 1;Ir;Iridium;2,20;Métaux de transition;9, 6, d;6,5;Argenté blanc;7439-88-5 2;;135 pm (180 pm);141 ± 6 pm 3;;[Xe] 4f14 5d7 6s2;2, 8, 18, 32, 15, 2;base;Cubique à faces centrées;Solide;26,1 kJ·mol-1;604 kJ·mol-1;;;;8,52×10-6 m3·mol-1;1,47 Pa à 2 716 K;4 825 m·s-1 à 20 °C;130 J·kg-1·K-1;19,7×106 S·m-1;147 W·m-1·K-1;22,562 g·cm-3 (20 °C)1;2, 3, 4, 6
;78;195,084 ± 0,009 u1;1 768,2 °C 1;3 825 °C 1;Pt;Platine;2,28;Métaux de transition;10, 6, d;3,5;blanc-gris;04.06.7440;231-116-1;135 pm (177 pm);136 ± 5 pm 2;175 pm;[Xe]4f145d96s1;2, 8, 18, 32, 17, 1;base;Cubique à faces centrées;Solide;19,6 kJ·mol-1;510 kJ·mol-1;;;;9,09×10-6 m3·mol-1;31,2 mPa;2 680 m·s-1 à 20 °C;130 J·kg-1·K-1;9,66×106 S·m-1;71,6 W·m-1·K-1;21,45 g·cm-3;2, 4
;79;196,966569 ± 4×10-6 u1;1 064,18 °C (congélation)4;2 856 °C 1;Au;Or;2,54;Métaux de transition;11, 6, d;2,5;"- jaune métallique par réflexion sur une surface d'or ;";7440-57-5 2;231-165-9;135 pm (174 pm);136 ± 6 pm 3;166 pm;[Xe] 4f14 5d10 6s1;2, 8, 18, 32, 18, 1;amphotère;Cubique à faces centrées;Solide;12,55 kJ·mol-1;324 kJ·mol-1 (1 atm, 2 856 °C)1;;;;10,21×10-6 m3·mol-1;0,237 mPa;1 740 m·s-1 à 20 °C;128 J·kg-1·K-1;45,2×106 S·m-1;317 W·m-1·K-1;~19,3 g·cm-3 (20 °C)1;3, 1
;80;200,59 ± 0,02 u1;?38,842 °C3;356,62 °C 1;Hg;Mercure;2,00;Métaux de transition;12, 6, d;1,5;Argenté blanc;7439-97-6;231-106-7;150 pm (171 pm);132 ± 5 pm 2;155 pm;[Xe] 4f14 5d10 6s2;2, 8, 18, 32, 18, 2;base faible;Rhomboédrique;Liquide ;2,295 kJ·mol-1;59,11 kJ·mol-1 (1 atm, 356,62 °C)1;1 477 °C 1;;;14,09×10-6 m3·mol-1;0,00163 mbar (20 °C);1 407 m·s-1 à 20 °C;138,8 J·kg-1·K-1;1,04×106 S·m-1;8,34 W·m-1·K-1;13,546 g·cm-3 (20 °C)1;2, 1
;81;204,3833 ± 0,0002 u1;304 °C 1;1 473 °C 1;Ti;Thallium;1,62;Métal pauvre;13 (IIIA), 6, p;1,2;Blanc-gris;7440-28-0 2;231-138-1;190 pm (156 pm);145 ± 7 pm 3;196 pm;[Xe]4f14 5d10 6s2 6p1;2, 8, 18, 32, 18, 3;basique;Hexagonal;Solide;4,142 kJ·mol-1;164,1 kJ·mol-1;;;;17,22×10-6 m3·mol-1;5,33×10-6 Pa à 577 K;818 m·s-1 à 20 °C;129 J·kg-1·K-1;6,17×106 S·m-1;46,1 W·m-1·K-1;11,85 g·cm-3 (20 °C)1;3,1
;82;207,2 ± 0,1 u1;327,46 °C 1;1 749 °C 1;Pb;Plomb;2,33;Métaux pauvres;14, 6, p;1,5;blanc-gris;7439-92-1;231-100-4;180 pm (154 pm);146 ± 5 pm 2;202 pm;[Xe]4f14 5d10 6s2 6p2;2, 8, 18, 32, 18, 4;amphotère;Cubique à faces centrées;Solide;4,799 kJ·mol-1;179,5 kJ·mol-1 (1 atm, 1 749 °C)1;;;;18,26×10-6 m3·mol-1;1,3 mbar (973 °C)3;1 260 m·s-1 à 20 °C;129 J·kg-1·K-1;4,81×106 S·m-1;35,3 W·m-1·K-1;11,35 g·cm-3 (20 °C)1;4, 2
;83;208,98040 ± 0,00001 u;271,4 °C 1;1 564 °C 1;Bi;Bismuth;2,02;Métaux pauvres;15, 6, p;2,5 (Mohs)2;Argenté-irisé;7440-69-9 3;231-177-4;160 pm (143 pm);148 ± 4 pm 4;152 pm;[Xe] 4f14 5d10 6s2 6p3;2, 8, 18, 32, 18, 5;acide;Rhomboédrique;Solide;51 816 J·kg-1 2;151 kJ·mol-1 (1 atm, 1 564 °C)1;;;;21,31×10-6 m3·mol-1;1,013×10-4 kPa (400 °C);1 790 m·s-1 à 20 °C;122 J·kg-1·K-1 (20 °C)2;0,867×106 S·m-1;7,87 W·m-1·K-1;9,79 g·cm-3 (20 °C)1;3, 5
;84;[209 u];254 °C 1;962 °C 1;Po;Polonium;2,0;Métaux pauvres;16 (VIA), 6, p;;Argenté;06.08.7440;;190 pm (135 pm);140 ± 4 pm 2;;[Xe]4f14 5d10 6s2 6p4;2, 8, 18, 32, 18, 6;amphotère;cubique;Solide;60,1 kJ·mol-1;;;;;22,97×10-6 m3·mol-1;0,0176 Pa à 527 K;;;2,19×106 S·m-1;20 W·m-1·K-1;9,20 g·cm-3 1;4, 2
;85;210 u;302 °C 3;610 K;At;Astate;2,2;Halogène / métalloïde;17 (VIIA), 6, p;;métallique (?);142364-73-6 1;;;150 pm 2;202 pm;[Xe] 4f14 5d10 6s2 6p5;2, 8, 18, 32, 18, 7;inconnu;;Solide;114 kJ·mol-1;;;;;;;;;;1,7 W·m-1·K-1;;±1,3,5,7
;86;[222 u];-71 °C 1;-61,7 °C 1;Rn;Radon ;2,1;Gaz rare;18 (VIIIA), 6, p;;incolore;10043-92-2 2;233-146-0;120 pm;150 pm 3;;[Xe] 4f14 5d10 6s2 6p6;2, 8, 18, 32, 18, 8;inconnu;Cubique à faces centrées;Gaz;2,89 kJ·mol-1;16,4 kJ·mol-1;104 °C 1;;;50,50×10-3 m3·mol-1;;;94 J·kg-1·K-1;;3,64×10-3 W·m-1·K-1;9,73 g·l-1 (gaz), 4,4 g·cm-3 (liquide, ?62 °C), 4 g·cm-3 (solide)1;0
;87;(223 u);27 °C 3;676,85 °C;Fr;Francium;0,7;Métal alcalain;1 (IA), 7, s;;métallique (?);7440-73-5 1;;;260 pm 2;348 pm;[Rn]7s1;2, 8, 18, 32, 18, 8, 1;basique;cubique centré;Solide non magnétique;;;;;;;;;;> 3×106 S·m-1;15 W·m-1·K-1;1 870 kg·m-3;1
;88;226,0254 u;696 °C 1;1 736,85 °C;Ra;Radium;0,9;Métal alcalino-terreux;2 (IIA), 7, s;;Blanc argenté;7440-14-4 2;231-122-4;215 pm;221 ± 2 pm 3;;[Rn]7s2;2, 8, 18, 32, 18, 8, 2;base forte;cubique centré;Solide non magnétique;37 kJ·mol-1;;;;;41,09×10-6 m3·mol-1;327 Pa à 973 K;;94 J·kg-1·K-1;;18,6 W·m-1·K-1;5 g·cm-3 1;2
;89;227 u;1 050 °C 1;3 198 °C 1;Ac;Actinium;1,1;Actinides;3, 7, f;;Argenté;7440-34-8 2;;195 pm;215 pm 3;;[Rn] 6d1 7s2;2, 8, 18, 32, 18, 9, 2;neutre;Cubique à faces centrées;Solide;62 kJ·mol-1;;;;;22,55×10-6 m3·mol-1;;;;;12 W·m-1·K-1;10,07 g·cm-3 (calculée)1;3
;90;232,0377 ± 0,0004 u;1 750 °C 1;4 788 °C 1;Th;Thorium;1,3;Actinides;L/A, 7, f;3;Blanc argenté;7440-29-1 2;;179 pm;206 ± 6 pm 3;;[Rn] 6d2 7s2;2, 8,18,32,18,10, 2;base faible;Cubique à faces centrées;Solide;16,1 kJ·mol-1;514,4 kJ·mol-1;;;;19,80×10-6 m3·mol-1;;2 490 m·s-1 à 20 °C;120 J·kg-1·K-1;6,53×106 S·m-1;54 W·m-1·K-1;11,72 g·cm-3 1;4
;91;231,03588 ± 0,00002 u1;1 572 °C 1;4 026,85 °C;Pa;Protactinium;1,5;Actinides;L/A, 7, f;;éclat métallique argenté brillant;7440-13-3 2;;163 pm;200 pm 3;;[Rn] 7s2 5f2 6d1;2, 8, 18, 32, 20, 9, 2;base faible;orthorhombique;Solide;15 kJ·mol-1;470 kJ·mol-1;;;;15,18×10-6 m3·mol-1;5,1×10-5 Pa;;120 J·kg-1·K-1;5,29×106 S·m-1;47 W·m-1·K-1;15,37 g·cm-3 (calculée)1;2, 3, 4, 5
;92;238,02891 ± 0,00003 u1;1 135 °C 1;4 131 °C 1;U;Uranium;1,38;Actinides;L/A, 7, f;;Gris métallique;7440-61-1;231-170-6;175 pm;196 ± 7 pm 2;186 pm;[Rn] 7s2 5f3 6d1;2, 8, 18, 32, 21, 9, 2;base faible;orthorhombique;Solide;15,48 kJ·mol-1;477 kJ·mol-1;;;;12,49×10-6 m3·mol-1;1,63×10-8 Pa à 453,7 K [réf. nécessaire];3 155 m·s-1 à 20 °C;120 J·kg-1·K-1;3,8×106 S·m-1;27,6 W·m-1·K-1;19,1 g·cm-3 1;+3, +4, +5, +6
;93;237 u;644 °C 1;3 999,85 °C;Np;Neptunium;1,36;Actinides;L/A, 7, f;;Blanc argenté;7439-99-8;;155 pm;190 ± 1 pm 2;;[Rn] 5f4 6d1 7s2;2, 8, 18, 32, 22, 9, 2;amphotère;orthorhombique, tétragonale, et cubique;Solide;5,19 kJ·mol-1;336 kJ·mol-1;;;;11,59×10-6 m3·mol-1;;;29,46 J·kg-1·K-1;0,822×106 S·m-1;6,3 W·m-1·K-1;20,25 g·cm-3 (20 °C)1;6, 5, 4, 3
;94;244,06 u;640 °C 2, 640° ± 23,3;3 228 °C 2;Pu;Plutonium;1,28;Actinides;L/A, 7, f;;Blanc argenté;05.07.7440;231-117-7;159 pm;187 ± 1 pm 1;;[Rn] 5f6 7s2;2, 8, 18, 32, 24, 8, 2;amphotère;monoclinique;Solide;2,84 kJ·mol-1;344 kJ·mol-1;;;;12,29×10-6 m3·mol-1;1 Pa (à 1 483 °C);2 260 m·s-1 à 20 °C;35,5 J·kg-1·K-1;685×106 S·m-1;6,74 W·m-1·K-1;19 816 kg·m-3;6, 5, 4, 3
;95;241,06 u;1 176 °C 1;2 011 °C 1;Am;Américium;;Actinides;L/A, 7, f;;Blanc argenté;7440-35-9 2;;173 pm;180 ± 6 pm 3;;[Rn] 5f7 7s2;2, 8, 18, 32, 25, 8, 2;;Hexagonal;Solide;14,39 kJ·mol-1;238,12 kJ·mol-1;;;;17,78×10-6 m3·mol-1;;;;1,5×106 S·m-1 (20 °C);10 W·m-1·K-1;12 g·cm-3 1;6, 5, 4, 3
;96;247 u;1 345 °C 1;3 109,85 °C;Cm;Curium;1,3;Actinides;L/A, 7, f;;Argenté;7440-51-9 2;;174 pm;169 ± 3 pm 3;;[Rn] 5f7 6d1 7s2;2, 8, 18, 32, 25, 9, 2;amphotère;Hexagonal compact;Solide;15 kJ·mol-1;;;;;18,05×10-6 m3·mol-1;;;;;;13,51 g·cm-3 (calculée)1;3
;97;247 u;996 °C 2;;Bk;Berkélium;1,3;Actinides;L/A, 7, f;;Argentée;7440-40-6 1;;170 pm;;;[Rn] 5f9 7s2;2, 8, 18, 32, 27, 8, 2;;Hexagonal compact;Solide;;;;;;;;;;;;(?) 13,25 g·cm-3;3, 4
;98;251 u;900 °C 1;1 469,85 °C, 1 743;Cf;Californium;1.3;Actinides;L/A, 7, f;;Argenté;7440-71-3 2;;186 ± 2 pm;225 pm;;[Rn] 5f10 7s2;2, 8, 18, 32, 28, 8, 2;;;Solide;;;;;;;;;;;;15,1 g·cm-3 1;2, 3, 4
;99;252 u;859,85 °C;;Es;Einsteinium;1,3;Actinides;L/A, 7, f;;Blanc argenté;7429-92-7 1;;;;;[Rn] 5f11 7s2;2, 8, 18, 32, 29, 8, 2;;;Solide;;;;;;;;;;;;8,840 g·cm-3;
;100;257 u;1 527 °C 2;;Fm;Fremium;;Actinides;L/A, 7, f;;Peut-être argenté ou gris métal;7440-72-4 1;;;;;[Rn] 5f12 7s2;2, 8, 18, 32, 30, 8, 2;;;Solide;;;;;;;;;;;;;
;101;258 u;827 °C 1;;Md;Mendélévium;1,3;Actinides;L/A, 7, f;;Peut-être argenté ou gris métal;01.11.7440;;;;;[Rn] 5f13 7s2;2, 8, 18, 32, 31, 8, 2;;;Solide;;;;;;;;;;;;;2, 3
;102;259 u;;;No;Nobélium;;Actinides;L/A, 7, f;;sans doute métallique;;;;;;[Rn]5f14 7s2;2, 8, 18, 32, 32, 8, 2;;;Présumé solide;;;;;;;;;;;;;
;103;(262 u);;;Lr;Lawrencium;1,3;Actinides;L/A, 7, d;;;22537-19-5 1;;;;;[Rn] 5f14 7s2 7p1;2, 8, 18, 32, 32, 8, 3;;;Présumé solide;;;;;;;;;;;;;
;104;261 u;;;Rf;Rutherfordium;;Métaux de transition;4, 7, d;;gris métallique;53850-36-5 1;;;;;[Rn] 5f14 6d2 7s2;2, 8, 18, 32, 32, 10, 2;;;Présumé solide;;;;;;;;;;;;;
;105;262 u;;;Db;Dubnium;;Métaux de transition;5, 7, d;;gris métallique;53850-35-4 1;;;;;[Rn] 5f14 6d3 7s2;2, 8, 18, 32, 32, 11, 2;;;Présumé solide;;;;;;;;;;;;;
;106;266 u;;;Sg;Seaborgium;;Métaux de transition;6, 7, d;;;54038-81-2 1;;;;;[Rn] 5f14 6d4 7s2;2, 8, 18, 32, 32, 12, 2;;;Présumé solide;;;;;;;;;;;;;
;107;264 u;;;Bh;Bohrium;;Métaux de transition;7, 7, d;;;54037-14-8 1;;;;;[Rn] 5f14 6d5 7s2;2, 8, 18, 32, 32, 13, 2;;;Présumé solide;;;;;;;;;;;;;
;108;269 u;;;Hs;Hassium;;Métaux de transition;8, 7, d;;;54037-57-9 1;;;;;[Rn] 5f14 6d6 7s2;2, 8, 18, 32, 32, 14, 2;;;Présumé solide;;;;;;;;;;;;;
;109;268 u;;;Mt;Meitnérium;;Métaux de transition;9, 7, d;;;54038-01-6;;;;;;2, 8, 18, 32, 32, 15, 2;;;Présumé solide;;;;;;;;;;;;;
;110;281 u;;;Ds;Darmstadtium;;Métaux de transition;10, 7, d;;gris métallique;54083-77-1 1;;;;;[Rn] 5f14 6d9 7s1;2, 8, 18, 32, 32, 17, 1;;;Présumé solide;;;;;;;;;;;;;
;111;280 u;;;Rg;Roentgenium;;Métaux de transition;11, 7, d;;inconnue;54386-24-2 1;;;;;[Rn] 5f14 6d10 7s1;2, 8, 18, 32, 32, 18, 1;;;Présumé solide;;;;;;;;;;;;;
;112;285 u;;;Cn;Copernicium;;Métaux de transition;12, 7, d;;;54084-26-31;;;;;[Rn] 5f14 6d10 7s2;2, 8, 18, 32, 32, 18, 2;;;Peut-être liquide ou gazeux;;;;;;;;;;;;;
;113;(284 u);;;Uut;Ununtrium;;non défini;13, 7, d;;;54084-70-71;;;;;"Théoriquement [Rn] 5f14 6d10 7s2 7p1 ;";Peut-être 2, 8, 18, 32, 32, 18, 3;;;Présumé solide;;;;;;;;;;;;;
;114;(289 u);;;Fl;Flérovium;;non défini;14, 7, d;;;54085-16-41;;;;;"Théoriquement [Rn] 5f14 6d10 7s2 7p2 ;";Peut-être 2, 8, 18, 32, 32, 18, 4;;;Présumé solide;;;;;;;;;;;;;
;115;(288 u);;;Uup;Ununpentium;;non défini;15, 7, d;;;54085-64-21;;;;;"Théoriquement [Rn] 5f14 6d10 7s2 7p3 ;";Peut-être 2, 8, 18, 32, 32, 18, 5;;;Présumé solide;;;;;;;;;;;;;
;116;(293 u);;;Lv;Livermorium;;non défini;16, 7, d;;;54100-71-91;;;;;"Théoriquement [Rn] 5f14 6d10 7s2 7p4 ;";Peut-être 2, 8, 18, 32, 32, 18, 6;;;Présumé solide;;;;;;;;;;;;;
;117;Peut-être (291 u);;;Uus;Ununseptium;;non défini;17, 7, d;;;54101-14-3 1;;;;;"Théoriquement [Rn] 5f14 6d10 7s2 7p5 ;";Peut-être 2, 8, 18, 32, 32, 18, 7;;;Présumé solide;;;;;;;;;;;;;
;118;294 u;;320 K à 380 K 4;Uuo;Ununoctium;;non défini;18, 7, d;;;54144-19-3 2;;152 pm 1;230 pm 3;;"Théoriquement [Rn] 5f14 6d10 7s2 7p6 ;";Peut-être 2, 8, 18, 32, 32, 18, 8;;;Condensé;23,5 kJ·mol-1 5;19,4 kJ·mol-1 5;;;;;;;;;;13 650 kg·m-3 1;
